{"count":1,"self":45.025753599999994,"total":47.914097299999995,"children":{"InitializeActuators":{"count":1,"self":0.0010000999999999999,"total":0.0010000999999999999,"children":null},"InitializeSensors":{"count":1,"self":0.00099739999999999985,"total":0.00099739999999999985,"children":null},"AgentSendState":{"count":2268,"self":0.0387352,"total":0.0707341,"children":{"CollectObservations":{"count":454,"self":0.0059973,"total":0.0059973,"children":null},"WriteActionMask":{"count":454,"self":0.0019725999999999997,"total":0.0019725999999999997,"children":null},"RequestDecision":{"count":454,"self":0.024029,"total":0.024029,"children":null}}},"DecideAction":{"count":2268,"self":2.0237644,"total":2.7712372,"children":{"CameraSensor.WriteToTensor":{"count":454,"self":0.74747279999999994,"total":0.74747279999999994,"children":null}}},"AgentAct":{"count":2268,"self":0.044376099999999995,"total":0.044376099999999995,"children":null}},"gauges":{"Pilot.CumulativeReward":{"count":7,"max":3.89825726,"min":1.9040004,"runningAverage":2.211644,"value":1.9040004,"weightedAverage":2.13515544}},"metadata":{"timer_format_version":"0.1.0","start_time_seconds":"1615364539","unity_version":"2019.3.10f1","command_line_arguments":"C:\\Program Files\\Unity\\Hub\\Editor\\2019.3.10f1\\Editor\\Unity.exe -projectpath C:\/Users\/17096\/Documents\/GitHub\/srauv-sim\/unity_simulator -useHub -hubIPC -cloudEnvironment production -hubSessionId 910c73d0-8119-11eb-ab22-7513f7dc58a2 -accessToken uGo_3mHFGcim7HAVVqMoGN6-WV_axthzjFrTeYc5S2c003f","communication_protocol_version":"1.3.0","com.unity.ml-agents_version":"1.7.0-preview","scene_name":"MlTank","end_time_seconds":"1615364587"}}