{"count":1,"self":5.2160448,"total":29.63188,"children":{"InitializeActuators":{"count":49,"self":0.0029408,"total":0.0029408,"children":null},"InitializeSensors":{"count":49,"self":0.0009714,"total":0.0009714,"children":null},"AgentSendState":{"count":3167,"self":0.41585259999999996,"total":1.7729039999999998,"children":{"CollectObservations":{"count":31066,"self":0.3484876,"total":0.3484876,"children":null},"WriteActionMask":{"count":31066,"self":0.1023004,"total":0.1023004,"children":null},"RequestDecision":{"count":31066,"self":0.42166299999999995,"total":0.90626339999999994,"children":{"AgentInfo.ToProto":{"count":31066,"self":0.2725641,"total":0.4846004,"children":{"GenerateSensorData":{"count":31066,"self":0.21203629999999998,"total":0.21203629999999998,"children":null}}}}}}},"DecideAction":{"count":3167,"self":21.7914176,"total":21.791418399999998,"children":null},"AgentAct":{"count":3167,"self":0.82263239999999993,"total":0.82663199999999992,"children":{"AgentInfo.ToProto":{"count":93,"self":0.0009999,"total":0.0039996,"children":{"GenerateSensorData":{"count":93,"self":0.0029996999999999997,"total":0.0029996999999999997,"children":null}}}}},"AgentInfo.ToProto":{"count":381,"self":0.0119989,"total":0.019969499999999998,"children":{"GenerateSensorData":{"count":381,"self":0.0079706,"total":0.0079706,"children":null}}}},"gauges":{"Pilot.CumulativeReward":{"count":474,"max":1.98740172,"min":-2.23423958,"runningAverage":-0.6952412,"value":-1.16300166,"weightedAverage":-0.931136}},"metadata":{"timer_format_version":"0.1.0","start_time_seconds":"1617608295","unity_version":"2019.3.10f1","command_line_arguments":"C:\\Program Files\\Unity\\Hub\\Editor\\2019.3.10f1\\Editor\\Unity.exe -projectpath C:\/Users\/17096\/Documents\/GitHub\/srauv-sim\/unity_simulator -useHub -hubIPC -cloudEnvironment production -hubSessionId 92305f10-95cd-11eb-9fe4-5dc3578bdc59 -accessToken sIgz500MkovpLJQhYGd0o9nAWLDzAkJ6YZ69cKUlQuo003f","communication_protocol_version":"1.3.0","com.unity.ml-agents_version":"1.7.0-preview","scene_name":"MlTank","end_time_seconds":"1617608325"}}