{"count":1,"self":275.05615359999996,"total":894.0806729,"children":{"InitializeActuators":{"count":16,"self":0.0020014,"total":0.0020014,"children":null},"InitializeSensors":{"count":16,"self":0.0019676999999999997,"total":0.0019676999999999997,"children":null},"AgentSendState":{"count":142667,"self":8.2518856,"total":166.73415939999998,"children":{"CollectObservations":{"count":456544,"self":7.0246071999999993,"total":7.0246068999999993,"children":null},"WriteActionMask":{"count":456544,"self":2.0112791999999997,"total":2.0112791999999997,"children":null},"RequestDecision":{"count":456544,"self":7.4883704,"total":149.4463874,"children":{"AgentInfo.ToProto":{"count":456544,"self":6.3201535999999994,"total":141.9580169,"children":{"GenerateSensorData":{"count":456544,"self":135.6378624,"total":135.6378634,"children":null}}}}}}},"DecideAction":{"count":142667,"self":438.61017599999997,"total":438.61016809999995,"children":null},"AgentAct":{"count":142667,"self":13.034620799999999,"total":13.5108316,"children":{"AgentInfo.ToProto":{"count":945,"self":0.0165181,"total":0.4762104,"children":{"GenerateSensorData":{"count":945,"self":0.4596923,"total":0.4596923,"children":null}}}}},"AgentInfo.ToProto":{"count":379,"self":0.0050237,"total":0.1653883,"children":{"GenerateSensorData":{"count":379,"self":0.1603646,"total":0.1603646,"children":null}}}},"gauges":{"Pilot.CumulativeReward":{"count":1324,"max":3.999,"min":-2.86893678,"runningAverage":-0.8800545,"value":-1.876513,"weightedAverage":-1.3339777}},"metadata":{"timer_format_version":"0.1.0","start_time_seconds":"1615878262","unity_version":"2019.3.10f1","command_line_arguments":"C:\\Program Files\\Unity\\Hub\\Editor\\2019.3.10f1\\Editor\\Unity.exe -projectpath C:\/Users\/17096\/Documents\/GitHub\/srauv-sim\/unity_simulator -useHub -hubIPC -cloudEnvironment production -hubSessionId 11f93200-85b9-11eb-a447-ad66504aeaa2 -accessToken 1Fmto6b56S94_QlXyHXt2EsdPkyDkwJQ_rPkh26MV0k003f","communication_protocol_version":"1.3.0","com.unity.ml-agents_version":"1.7.0-preview","scene_name":"MlTank","end_time_seconds":"1615879156"}}