{"count":1,"self":2795.1251456,"total":39357.9977139,"children":{"InitializeActuators":{"count":17,"self":0.0019995,"total":0.0019995,"children":null},"InitializeSensors":{"count":17,"self":0.0009996,"total":0.0009996,"children":null},"AgentSendState":{"count":2776567,"self":218.93770239999998,"total":15811.2269736,"children":{"CollectObservations":{"count":8884927,"self":89.0820672,"total":89.0820687,"children":null},"WriteActionMask":{"count":8884927,"self":57.0008128,"total":57.0008152,"children":null},"RequestDecision":{"count":8884927,"self":217.1959808,"total":15446.206381,"children":{"AgentInfo.ToProto":{"count":8884927,"self":136.8515584,"total":15229.0104053,"children":{"GenerateSensorData":{"count":8884927,"self":363.4605056,"total":15092.158845099999,"children":{"CameraSensor.GetCompressedObservation":{"count":8884927,"self":14728.6982656,"total":14728.6983363,"children":null}}}}}}}}},"DecideAction":{"count":2776567,"self":20132.954112,"total":20132.9546624,"children":null},"AgentAct":{"count":2776567,"self":367.7036032,"total":597.2778575,"children":{"AgentInfo.ToProto":{"count":111229,"self":2.3321468,"total":229.574256,"children":{"GenerateSensorData":{"count":111229,"self":5.2411959999999995,"total":227.2421091,"children":{"CameraSensor.GetCompressedObservation":{"count":111229,"self":222.0009216,"total":222.000913,"children":null}}}}}}},"AgentInfo.ToProto":{"count":10589,"self":0.2550607,"total":21.409080799999998,"children":{"GenerateSensorData":{"count":10589,"self":0.47545509999999996,"total":21.1540201,"children":{"CameraSensor.GetCompressedObservation":{"count":10589,"self":20.6785648,"total":20.678565,"children":null}}}}}},"gauges":{"Pilot.CumulativeReward":{"count":121817,"max":9.997499,"min":-2.93359828,"runningAverage":1.765999,"value":0.9710791,"weightedAverage":2.02138853}},"metadata":{"timer_format_version":"0.1.0","start_time_seconds":"1614463155","unity_version":"2019.3.10f1","command_line_arguments":"C:\\Program Files\\Unity\\Hub\\Editor\\2019.3.10f1\\Editor\\Unity.exe -projectpath C:\/Users\/17096\/Documents\/GitHub\/srauv-sim\/unity_simulator -useHub -hubIPC -cloudEnvironment production -hubSessionId 5de6ab30-787f-11eb-ae02-575528a3d847 -accessToken P6wBzHzJ9VLkiZhJUZyP7Sq_ZH3zya62c0GQugpvB_8003f","communication_protocol_version":"1.3.0","com.unity.ml-agents_version":"1.7.0-preview","scene_name":"MlTank","end_time_seconds":"1614502513"}}