{"count":1,"self":70.711744,"total":233.33763879999998,"children":{"InitializeActuators":{"count":1,"self":0.0009979,"total":0.0009979,"children":null},"InitializeSensors":{"count":1,"self":0,"total":0,"children":null},"AgentSendState":{"count":131001,"self":1.6399631,"total":12.541334899999999,"children":{"CollectObservations":{"count":26201,"self":0.21796849999999998,"total":0.21796849999999998,"children":null},"WriteActionMask":{"count":26201,"self":0.1164636,"total":0.1164636,"children":null},"RequestDecision":{"count":26201,"self":0.4872664,"total":10.566939699999999,"children":{"AgentInfo.ToProto":{"count":26201,"self":0.4445185,"total":10.0796733,"children":{"GenerateSensorData":{"count":26201,"self":9.6351552,"total":9.6351547999999987,"children":null}}}}}}},"DecideAction":{"count":131001,"self":148.1151616,"total":148.1151602,"children":null},"AgentAct":{"count":131001,"self":1.9593196,"total":1.9674014999999998,"children":{"AgentInfo.ToProto":{"count":17,"self":0.0010253999999999999,"total":0.0080819,"children":{"GenerateSensorData":{"count":17,"self":0.0070564999999999994,"total":0.0070564999999999994,"children":null}}}}}},"gauges":{"Pilot.CumulativeReward":{"count":17,"max":1560.69263,"min":-39.2353439,"runningAverage":185.287979,"value":-39.2353439,"weightedAverage":72.15428}},"metadata":{"timer_format_version":"0.1.0","start_time_seconds":"1611477604","unity_version":"2019.3.10f1","command_line_arguments":"C:\\Program Files\\Unity\\Hub\\Editor\\2019.3.10f1\\Editor\\Unity.exe -projectpath C:\/Users\/17096\/Documents\/GitHub\/srauv-sim\/unity_simulator -useHub -hubIPC -cloudEnvironment production -hubSessionId 1f47a0e0-5daf-11eb-a82a-b5508a773c18 -accessToken 554VeWVPNUZyDk4jnmrtHANVZcYWkxPP-euLkVoM3-c003f","communication_protocol_version":"1.3.0","com.unity.ml-agents_version":"1.7.0-preview","scene_name":"MlTank","end_time_seconds":"1611477838"}}