{"count":1,"self":163.901184,"total":164.9285296,"children":{"InitializeActuators":{"count":1,"self":0.00099969999999999985,"total":0.00099969999999999985,"children":null},"InitializeSensors":{"count":1,"self":0.00099819999999999987,"total":0.00099819999999999987,"children":null},"AgentSendState":{"count":12015,"self":0.2009827,"total":0.6849449,"children":{"CollectObservations":{"count":2403,"self":0.4589474,"total":0.4589474,"children":null},"WriteActionMask":{"count":2403,"self":0.0109949,"total":0.0109949,"children":null},"RequestDecision":{"count":2403,"self":0.0140199,"total":0.0140199,"children":null}}},"DecideAction":{"count":12015,"self":0.22678879999999998,"total":0.22678879999999998,"children":null},"AgentAct":{"count":12015,"self":0.11361239999999999,"total":0.11361239999999999,"children":null}},"gauges":{"Pilot.CumulativeReward":{"count":1,"max":1.99999,"min":1.99999,"runningAverage":1.99999,"value":1.99999,"weightedAverage":1.99999}},"metadata":{"timer_format_version":"0.1.0","start_time_seconds":"1615874655","unity_version":"2019.3.10f1","command_line_arguments":"C:\\Program Files\\Unity\\Hub\\Editor\\2019.3.10f1\\Editor\\Unity.exe -projectpath C:\/Users\/17096\/Documents\/GitHub\/srauv-sim\/unity_simulator -useHub -hubIPC -cloudEnvironment production -hubSessionId 11f93200-85b9-11eb-a447-ad66504aeaa2 -accessToken 1Fmto6b56S94_QlXyHXt2EsdPkyDkwJQ_rPkh26MV0k003f","communication_protocol_version":"1.3.0","com.unity.ml-agents_version":"1.7.0-preview","scene_name":"MlTank","end_time_seconds":"1615874820"}}