{"count":1,"self":18.678936,"total":18.743621299999997,"children":{"InitializeActuators":{"count":4,"self":0.0030321999999999997,"total":0.0030321999999999997,"children":null},"InitializeSensors":{"count":4,"self":0.0010015,"total":0.0010015,"children":null},"AgentSendState":{"count":716,"self":0.0256676,"total":0.034674199999999995,"children":{"CollectObservations":{"count":576,"self":0.0040032,"total":0.0040032,"children":null},"WriteActionMask":{"count":576,"self":0.0020074999999999997,"total":0.0020074999999999997,"children":null},"RequestDecision":{"count":576,"self":0.0029958999999999997,"total":0.0029958999999999997,"children":null}}},"DecideAction":{"count":716,"self":0.016952,"total":0.016952,"children":null},"AgentAct":{"count":716,"self":0.0080252999999999991,"total":0.0080252999999999991,"children":null}},"gauges":{"Pilot.CumulativeReward":{"count":14,"max":-5.3848033,"min":-110.334862,"runningAverage":-40.312088,"value":-9.146579,"weightedAverage":-44.2208366}},"metadata":{"timer_format_version":"0.1.0","start_time_seconds":"1611799686","unity_version":"2019.3.10f1","command_line_arguments":"C:\\Program Files\\Unity\\Hub\\Editor\\2019.3.10f1\\Editor\\Unity.exe -projectpath C:\/Users\/17096\/Documents\/GitHub\/srauv-sim\/unity_simulator -useHub -hubIPC -cloudEnvironment production -hubSessionId bcb14f60-60c6-11eb-bce7-03d089dbf874 -accessToken D6OSvrbW_R_TvDmQshwZDU1NB-v4zMNBOrRUQ4pOs7g003f","communication_protocol_version":"1.3.0","com.unity.ml-agents_version":"1.7.0-preview","scene_name":"MlTank","end_time_seconds":"1611799705"}}