{"count":1,"self":227.64631039999998,"total":237.0244679,"children":{"InitializeActuators":{"count":64,"self":0.0020066999999999997,"total":0.0020066999999999997,"children":null},"InitializeSensors":{"count":64,"self":0.0029944,"total":0.0029944,"children":null},"AgentSendState":{"count":1067,"self":0.1795204,"total":0.75274279999999993,"children":{"CollectObservations":{"count":13696,"self":0.1539803,"total":0.1539803,"children":null},"WriteActionMask":{"count":13696,"self":0.060033199999999995,"total":0.060033199999999995,"children":null},"RequestDecision":{"count":13696,"self":0.1469778,"total":0.3592089,"children":{"AgentInfo.ToProto":{"count":13696,"self":0.12503219999999998,"total":0.21223109999999998,"children":{"GenerateSensorData":{"count":13696,"self":0.0871989,"total":0.0871989,"children":null}}}}}}},"DecideAction":{"count":1067,"self":8.5923976,"total":8.5923974,"children":null},"AgentAct":{"count":1067,"self":0.028005199999999997,"total":0.028005199999999997,"children":null}},"gauges":{},"metadata":{"timer_format_version":"0.1.0","start_time_seconds":"1616054410","unity_version":"2019.3.10f1","command_line_arguments":"C:\\Program Files\\Unity\\Hub\\Editor\\2019.3.10f1\\Editor\\Unity.exe -projectpath C:\/Users\/17096\/Documents\/GitHub\/srauv-sim\/unity_simulator -useHub -hubIPC -cloudEnvironment production -hubSessionId 11f93200-85b9-11eb-a447-ad66504aeaa2 -accessToken lNt5fAg3bH8Jgsp0a7Kd55nfY3FKiLfn-MJrTFHBMsI003f","communication_protocol_version":"1.3.0","com.unity.ml-agents_version":"1.7.0-preview","scene_name":"MlTank","end_time_seconds":"1616054647"}}