{"count":1,"self":3881.6710656,"total":34257.7119601,"children":{"InitializeActuators":{"count":49,"self":0.0030293,"total":0.0030293,"children":null},"InitializeSensors":{"count":49,"self":0.0010313,"total":0.0010313,"children":null},"AgentSendState":{"count":2618167,"self":109.56547839999999,"total":535.5022384,"children":{"CollectObservations":{"count":25658066,"self":167.0703488,"total":167.0703483,"children":null},"WriteActionMask":{"count":25658066,"self":29.374873599999997,"total":29.374873899999997,"children":null},"RequestDecision":{"count":25658066,"self":98.8385344,"total":229.4915327,"children":{"AgentInfo.ToProto":{"count":25658066,"self":61.0395392,"total":130.653,"children":{"GenerateSensorData":{"count":25658066,"self":69.6134592,"total":69.613457799999992,"children":null}}}}}}},"DecideAction":{"count":2618167,"self":29078.015180799997,"total":29078.0139508,"children":null},"AgentAct":{"count":2618167,"self":761.65319679999993,"total":762.3598346,"children":{"AgentInfo.ToProto":{"count":52639,"self":0.3235258,"total":0.7066425,"children":{"GenerateSensorData":{"count":52639,"self":0.3831167,"total":0.3831167,"children":null}}}}},"AgentInfo.ToProto":{"count":10282,"self":0.0786679,"total":0.158668,"children":{"GenerateSensorData":{"count":10282,"self":0.080000099999999991,"total":0.080000099999999991,"children":null}}}},"gauges":{"Pilot.CumulativeReward":{"count":62921,"max":15.298625,"min":-3.216802,"runningAverage":5.08329248,"value":14.862999,"weightedAverage":14.4160728}},"metadata":{"timer_format_version":"0.1.0","start_time_seconds":"1617467699","unity_version":"2019.3.10f1","command_line_arguments":"C:\\Users\\17096\\Documents\\GitHub\\srauv-sim\\MLTraining\\envs\/MlTank\\WaypointEditor.exe --mlagents-port 5005 -logFile C:\\Users\\17096\\Documents\\GitHub\\srauv-sim\\MLTraining\\results\\pilot2_4envs_2xSteps\\run_logs\\Player-0.log","communication_protocol_version":"1.3.0","com.unity.ml-agents_version":"1.7.0-preview","scene_name":"MlTank","end_time_seconds":"1617501957"}}