{"count":1,"self":1625.9817472,"total":17682.833571,"children":{"InitializeActuators":{"count":49,"self":0.0019990999999999997,"total":0.0019990999999999997,"children":null},"InitializeSensors":{"count":49,"self":0.0009998,"total":0.0009998,"children":null},"AgentSendState":{"count":1288401,"self":53.3940864,"total":269.5400914,"children":{"CollectObservations":{"count":12626369,"self":90.3279744,"total":90.3279733,"children":null},"WriteActionMask":{"count":12626369,"self":13.911868799999999,"total":13.9118696,"children":null},"RequestDecision":{"count":12626369,"self":46.925295999999996,"total":111.9061634,"children":{"AgentInfo.ToProto":{"count":12626369,"self":29.8187872,"total":64.980868,"children":{"GenerateSensorData":{"count":12626369,"self":35.162079999999996,"total":35.1620811,"children":null}}}}}}},"DecideAction":{"count":1288401,"self":15482.770227199999,"total":15482.7709265,"children":null},"AgentAct":{"count":1288401,"self":303.10512639999996,"total":304.27080689999997,"children":{"AgentInfo.ToProto":{"count":86354,"self":0.5431364,"total":1.1656859,"children":{"GenerateSensorData":{"count":86354,"self":0.6225495,"total":0.6225495,"children":null}}}}},"AgentInfo.ToProto":{"count":17433,"self":0.1352127,"total":0.2650244,"children":{"GenerateSensorData":{"count":17433,"self":0.1298117,"total":0.1298117,"children":null}}}},"gauges":{"Pilot.CumulativeReward":{"count":103787,"max":7.276907,"min":-4.75179958,"runningAverage":1.27491367,"value":4.21252728,"weightedAverage":5.01414633}},"metadata":{"timer_format_version":"0.1.0","start_time_seconds":"1617830820","unity_version":"2019.3.10f1","command_line_arguments":"C:\\Users\\17096\\Documents\\GitHub\\srauv-sim\\MLTraining\\envs\/MlTank\\WaypointEditor.exe --mlagents-port 5006 -logFile C:\\Users\\17096\\Documents\\GitHub\\srauv-sim\\MLTraining\\results\\autopilot2.2\\run_logs\\Player-1.log","communication_protocol_version":"1.3.0","com.unity.ml-agents_version":"1.7.0-preview","scene_name":"MlTank","end_time_seconds":"1617848503"}}