{
    "name": "root",
    "gauges": {
        "Pilot.Policy.Entropy.mean": {
            "value": 4.285376071929932,
            "min": 3.9312729835510254,
            "max": 4.394408702850342,
            "count": 1398
        },
        "Pilot.Environment.EpisodeLength.mean": {
            "value": 1313.909090909091,
            "min": 229.64444444444445,
            "max": 1499.0,
            "count": 1397
        },
        "Pilot.Policy.ExtrinsicValueEstimate.mean": {
            "value": -0.20989756286144257,
            "min": -0.49172085523605347,
            "max": 0.05383932590484619,
            "count": 1398
        },
        "Pilot.Environment.CumulativeReward.mean": {
            "value": -3.1047727682373742,
            "min": -4.069000005722046,
            "max": -1.449999988079071,
            "count": 1397
        },
        "Pilot.Policy.ExtrinsicReward.mean": {
            "value": -3.1047727682373742,
            "min": -4.069000005722046,
            "max": -1.449999988079071,
            "count": 1397
        },
        "Pilot.IsTraining.mean": {
            "value": 1.0,
            "min": 1.0,
            "max": 1.0,
            "count": 1398
        },
        "Pilot.Losses.PolicyLoss.mean": {
            "value": 0.01663000088495513,
            "min": 0.009979408125703533,
            "max": 0.025404101175566515,
            "count": 669
        },
        "Pilot.Losses.ValueLoss.mean": {
            "value": 0.0016548660137535383,
            "min": 4.143029044219778e-06,
            "max": 0.030503617289165657,
            "count": 669
        },
        "Pilot.Policy.LearningRate.mean": {
            "value": 0.00021618086193972194,
            "min": 0.00021618086193972194,
            "max": 0.000299875062041646,
            "count": 669
        },
        "Pilot.Policy.Epsilon.mean": {
            "value": 0.172060278,
            "min": 0.172060278,
            "max": 0.19995835399999992,
            "count": 669
        },
        "Pilot.Policy.Beta.mean": {
            "value": 0.0036058078721999997,
            "min": 0.0036058078721999997,
            "max": 0.0049979218646,
            "count": 669
        },
        "Pilot.TargetsReached.mean": {
            "value": 56.0,
            "min": 1.0,
            "max": 83.0,
            "count": 650
        }
    },
    "metadata": {
        "timer_format_version": "0.1.0",
        "start_time_seconds": "1611940110",
        "python_version": "3.7.5 (default, Oct 31 2019, 15:18:51) [MSC v.1916 64 bit (AMD64)]",
        "command_line_arguments": "C:\\Users\\17096\\anaconda3\\Scripts\\mlagents-learn config/MlTrain.yaml --run-id=DayEight25",
        "mlagents_version": "0.23.0",
        "mlagents_envs_version": "0.23.0",
        "communication_protocol_version": "1.3.0",
        "pytorch_version": "1.7.1",
        "numpy_version": "1.19.2",
        "end_time_seconds": "1611958204"
    },
    "total": 18094.5173305,
    "count": 1,
    "self": 0.004375399996206397,
    "children": {
        "run_training.setup": {
            "total": 0.016501199999999994,
            "count": 1,
            "self": 0.016501199999999994
        },
        "TrainerController.start_learning": {
            "total": 18094.496453900003,
            "count": 1,
            "self": 19.585681899370684,
            "children": {
                "TrainerController._reset_env": {
                    "total": 8.3965301,
                    "count": 1,
                    "self": 8.3965301
                },
                "TrainerController.advance": {
                    "total": 18066.38722590063,
                    "count": 884027,
                    "self": 11.37513970045984,
                    "children": {
                        "env_step": {
                            "total": 18055.01208620017,
                            "count": 884027,
                            "self": 13520.372899701657,
                            "children": {
                                "SubprocessEnvManager._take_step": {
                                    "total": 4524.3739151989175,
                                    "count": 884027,
                                    "self": 53.71119859795181,
                                    "children": {
                                        "TorchPolicy.evaluate": {
                                            "total": 4470.662716600966,
                                            "count": 874448,
                                            "self": 864.4201870015909,
                                            "children": {
                                                "TorchPolicy.sample_actions": {
                                                    "total": 3606.242529599375,
                                                    "count": 874448,
                                                    "self": 3606.242529599375
                                                }
                                            }
                                        }
                                    }
                                },
                                "workers": {
                                    "total": 10.265271299597181,
                                    "count": 884026,
                                    "self": 0.0,
                                    "children": {
                                        "worker_root": {
                                            "total": 18064.421503899677,
                                            "count": 884026,
                                            "is_parallel": true,
                                            "self": 5816.567809400394,
                                            "children": {
                                                "steps_from_proto": {
                                                    "total": 0.0004822000000004323,
                                                    "count": 1,
                                                    "is_parallel": true,
                                                    "self": 0.00019730000000084402,
                                                    "children": {
                                                        "_process_vector_observation": {
                                                            "total": 0.00028489999999958826,
                                                            "count": 2,
                                                            "is_parallel": true,
                                                            "self": 0.00028489999999958826
                                                        }
                                                    }
                                                },
                                                "UnityEnvironment.step": {
                                                    "total": 12247.853212299284,
                                                    "count": 884026,
                                                    "is_parallel": true,
                                                    "self": 70.42678729852742,
                                                    "children": {
                                                        "UnityEnvironment._generate_step_input": {
                                                            "total": 612.5100236011203,
                                                            "count": 884026,
                                                            "is_parallel": true,
                                                            "self": 612.5100236011203
                                                        },
                                                        "communicator.exchange": {
                                                            "total": 11218.576149100265,
                                                            "count": 884026,