{
    "name": "root",
    "gauges": {
        "Pilot.Policy.Entropy.mean": {
            "value": 4.364179611206055,
            "min": 4.269133567810059,
            "max": 4.3944315910339355,
            "count": 200
        },
        "Pilot.Policy.ExtrinsicValueEstimate.mean": {
            "value": -3.6890110969543457,
            "min": -5.203351020812988,
            "max": 0.13316918909549713,
            "count": 200
        },
        "Pilot.Environment.EpisodeLength.mean": {
            "value": 1072.3333333333333,
            "min": 335.57142857142856,
            "max": 1481.0,
            "count": 200
        },
        "Pilot.Environment.CumulativeReward.mean": {
            "value": -66.00883078575134,
            "min": -192.36806924939157,
            "max": -21.09819352342969,
            "count": 200
        },
        "Pilot.Policy.ExtrinsicReward.mean": {
            "value": -66.00883078575134,
            "min": -192.36806924939157,
            "max": -21.09819352342969,
            "count": 200
        },
        "Pilot.IsTraining.mean": {
            "value": 1.0,
            "min": 1.0,
            "max": 1.0,
            "count": 200
        },
        "Pilot.Losses.PolicyLoss.mean": {
            "value": 0.052148448191777184,
            "min": 0.04294883992527806,
            "max": 0.055130507245242676,
            "count": 121
        },
        "Pilot.Losses.ValueLoss.mean": {
            "value": 21.652864262461662,
            "min": 0.17972459024652684,
            "max": 34.04816255966822,
            "count": 121
        },
        "Pilot.Policy.LearningRate.mean": {
            "value": 0.0003,
            "min": 0.0003,
            "max": 0.0003,
            "count": 121
        },
        "Pilot.Policy.Epsilon.mean": {
            "value": 0.19999999999999998,
            "min": 0.19999999999999998,
            "max": 0.19999999999999998,
            "count": 121
        },
        "Pilot.Policy.Beta.mean": {
            "value": 0.004999999999999999,
            "min": 0.004999999999999999,
            "max": 0.004999999999999999,
            "count": 121
        }
    },
    "metadata": {
        "timer_format_version": "0.1.0",
        "start_time_seconds": "1611727145",
        "python_version": "3.7.5 (default, Jan 22 2021, 16:59:12) \n[GCC 9.3.0]",
        "command_line_arguments": "/home/andrew/.pyenv/versions/3.7.5/bin/mlagents-learn config/MlTrain.yaml --run-id=DaySix16",
        "mlagents_version": "0.23.0",
        "mlagents_envs_version": "0.23.0",
        "communication_protocol_version": "1.3.0",
        "pytorch_version": "1.7.1",
        "numpy_version": "1.18.5",
        "end_time_seconds": "1611741142"
    },
    "total": 13997.1114716,
    "count": 1,
    "self": 0.024466999999276595,
    "children": {
        "run_training.setup": {
            "total": 0.07233479999922565,
            "count": 1,
            "self": 0.07233479999922565
        },
        "TrainerController.start_learning": {
            "total": 13997.0146698,
            "count": 1,
            "self": 36.18253889707739,
            "children": {
                "TrainerController._reset_env": {
                    "total": 6.054963800001133,
                    "count": 1,
                    "self": 6.054963800001133
                },
                "TrainerController.advance": {
                    "total": 13954.68617890292,
                    "count": 2002123,
                    "self": 38.66478740445018,
                    "children": {
                        "env_step": {
                            "total": 13434.965565500954,
                            "count": 2002123,
                            "self": 9980.417004902632,
                            "children": {
                                "SubprocessEnvManager._take_step": {
                                    "total": 3432.31363300064,
                                    "count": 2002123,
                                    "self": 90.72185140034526,
                                    "children": {
                                        "TorchPolicy.evaluate": {
                                            "total": 3341.591781600295,
                                            "count": 2000052,
                                            "self": 493.79323140409724,
                                            "children": {
                                                "TorchPolicy.sample_actions": {
                                                    "total": 2847.7985501961975,
                                                    "count": 2000052,
                                                    "self": 2847.7985501961975
                                                }
                                            }
                                        }
                                    }
                                },
                                "workers": {
                                    "total": 22.234927597681235,
                                    "count": 2002123,
                                    "self": 0.0,
                                    "children": {
                                        "worker_root": {
                                            "total": 13947.344879300323,
                                            "count": 2002123,
                                            "is_parallel": true,
                                            "self": 5339.471843699201,
                                            "children": {
                                                "run_training.setup": {
                                                    "total": 0.0,
                                                    "count": 0,
                                                    "is_parallel": true,
                                                    "self": 0.0,
                                                    "children": {
                                                        "steps_from_proto": {
                                                            "total": 0.0009838999994826736,
                                                            "count": 1,
                                                            "is_parallel": true,
                                                            "self": 0.00043790000017907005,
                                                            "children": {
                                                                "_process_vector_observation": {
                                                                    "total": 0.0005459999993036035,
                                                                    "count": 2,
                                                                    "is_parallel": true,
                                                                    "self": 0.0005459999993036035
                                                                }
                                                            }
                                                        },
                                                        "UnityEnvironment.step": {
                                                            "total": 0.014241599999877508,
                                                            "count": 1,
                                                            "is_parallel": true,
                                                            "self": 7.840000216674525e-05,
                                                            "children": {
                                                                "UnityEnvironment._generate_step_input": {
                                                                    "total": 9.919999865815043e-05,
                                                                    "count": 1,
                                                                    "is_parallel": true,