{
    "name": "root",
    "gauges": {
        "Pilot.Policy.Entropy.mean": {
            "value": 3.308520793914795,
            "min": 3.0508975982666016,
            "max": 4.3885955810546875,
            "count": 4686
        },
        "Pilot.Environment.EpisodeLength.mean": {
            "value": 706.0666666666667,
            "min": 137.04166666666666,
            "max": 999.0,
            "count": 4680
        },
        "Pilot.Score.mean": {
            "value": 1.9714285714285715,
            "min": -1.0,
            "max": 2.75,
            "count": 4683
        },
        "Pilot.Environment.LessonNumber.num_waypoints.mean": {
            "value": 3.0,
            "min": 0.0,
            "max": 3.0,
            "count": 4686
        },
        "Pilot.Environment.LessonNumber.goal_size.mean": {
            "value": 4.0,
            "min": 0.0,
            "max": 4.0,
            "count": 4686
        },
        "Pilot.Policy.ExtrinsicValueEstimate.mean": {
            "value": 0.6910841464996338,
            "min": -0.6107253432273865,
            "max": 0.9114853739738464,
            "count": 4686
        },
        "Pilot.Environment.CumulativeReward.mean": {
            "value": 4.4677459319432575,
            "min": -1.6690714955329895,
            "max": 6.194045456556173,
            "count": 4686
        },
        "Pilot.Policy.ExtrinsicReward.mean": {
            "value": 4.4677459319432575,
            "min": -1.6690714955329895,
            "max": 6.194045456556173,
            "count": 4686
        },
        "Pilot.GoalsReachedBeforeFail.mean": {
            "value": 1.3333333333333333,
            "min": 0.0,
            "max": 3.0,
            "count": 4651
        },
        "Pilot.IsTraining.mean": {
            "value": 1.0,
            "min": 1.0,
            "max": 1.0,
            "count": 4686
        },
        "Pilot.Losses.PolicyLoss.mean": {
            "value": 0.017129637159086997,
            "min": 0.014721489786097663,
            "max": 0.020379711957502877,
            "count": 356
        },
        "Pilot.Losses.ValueLoss.mean": {
            "value": 0.024140145784864824,
            "min": 0.006587788062461186,
            "max": 0.12405673594912514,
            "count": 356
        },
        "Pilot.Policy.LearningRate.mean": {
            "value": 3.410438863519985e-07,
            "min": 3.410438863519985e-07,
            "max": 0.00028037081454306397,
            "count": 356
        },
        "Pilot.Policy.Epsilon.mean": {
            "value": 0.100113648,
            "min": 0.100113648,
            "max": 0.19345693600000002,
            "count": 356
        },
        "Pilot.Policy.Beta.mean": {
            "value": 1.567103519999998e-05,
            "min": 1.567103519999998e-05,
            "max": 0.004673501106399999,
            "count": 356
        }
    },
    "metadata": {
        "timer_format_version": "0.1.0",
        "start_time_seconds": "1616569130",
        "python_version": "3.7.5 (default, Oct 31 2019, 15:18:51) [MSC v.1916 64 bit (AMD64)]",
        "command_line_arguments": "C:\\Users\\17096\\anaconda3\\Scripts\\mlagents-learn config/MlTrain.yaml --run-id=curriculumV2_tagVelocity_velocityPenalty --resume",
        "mlagents_version": "0.23.0",
        "mlagents_envs_version": "0.23.0",
        "communication_protocol_version": "1.3.0",
        "pytorch_version": "1.8.0",
        "numpy_version": "1.19.2",
        "end_time_seconds": "1616611631"
    },
    "total": 42500.9165836,
    "count": 1,
    "self": 0.011561900006199721,
    "children": {
        "run_training.setup": {
            "total": 0.0069590000000001595,
            "count": 1,
            "self": 0.0069590000000001595
        },
        "TrainerController.start_learning": {
            "total": 42500.8980627,
            "count": 1,
            "self": 37.79772210014926,
            "children": {
                "TrainerController._reset_env": {
                    "total": 13.7915515,
                    "count": 1,
                    "self": 13.7915515
                },
                "TrainerController.advance": {
                    "total": 42449.17014449985,
                    "count": 1019188,
                    "self": 69.14873180075665,
                    "children": {
                        "env_step": {
                            "total": 42380.02141269909,
                            "count": 1019188,
                            "self": 35460.91593830201,
                            "children": {
                                "SubprocessEnvManager._take_step": {
                                    "total": 6906.881205698188,
                                    "count": 1019188,
                                    "self": 71.191353200511,
                                    "children": {
                                        "TorchPolicy.evaluate": {
                                            "total": 6835.689852497677,
                                            "count": 956728,
                                            "self": 1210.2922977960607,
                                            "children": {
                                                "TorchPolicy.sample_actions": {
                                                    "total": 5625.397554701616,
                                                    "count": 956728,
                                                    "self": 5625.397554701616
                                                }
                                            }
                                        }
                                    }
                                },
                                "workers": {
                                    "total": 12.224268698896818,
                                    "count": 1019188,
                                    "self": 0.0,
                                    "children": {
                                        "worker_root": {
                                            "total": 42461.45068939813,
                                            "count": 1019188,
                                            "is_parallel": true,
                                            "self": 9414.899455698855,
                                            "children": {
                                                "steps_from_proto": {
                                                    "total": 0.0008192999999998563,
                                                    "count": 1,
                                                    "is_parallel": true,
                                                    "self": 0.0002846000000005233,
                                                    "children": {
                                                        "_process_vector_observation": {
                                                            "total": 0.0005346999999993329,
                                                            "count": 2,
                                                            "is_parallel": true,
                                                            "self": 0.0005346999999993329
                                                        }
                                                    }
                                                },
                                                "UnityEnvironment.step": {
                                                    "total": 33046.55041439927,
                                                    "count": 1019188,
                                                    "is_parallel": true,
                                                    "self": 122.36749039489223,
                                                    "children": {
                                                        "UnityEnvironment._generate_step_input": {
                                                            "total": 2107.004993604686,