{
    "name": "root",
    "gauges": {
        "Pilot.Policy.Entropy.mean": {
            "value": 2.9517459869384766,
            "min": 2.8385567665100098,
            "max": 4.358639240264893,
            "count": 2876
        },
        "Pilot.Environment.EpisodeLength.mean": {
            "value": 27.14406779661017,
            "min": 24.68637532133676,
            "max": 148.26865671641792,
            "count": 2876
        },
        "Pilot.TargetsReached.mean": {
            "value": 14333.560209424084,
            "min": 1.6216216216216217,
            "max": 14333.560209424084,
            "count": 2876
        },
        "Pilot.Policy.ExtrinsicValueEstimate.mean": {
            "value": 1.7238225936889648,
            "min": -1.4401564598083496,
            "max": 7.333951473236084,
            "count": 2876
        },
        "Pilot.Environment.CumulativeReward.mean": {
            "value": 1.9568591648424176,
            "min": -0.9314343884587288,
            "max": 1.9679785700587482,
            "count": 2876
        },
        "Pilot.Policy.ExtrinsicReward.mean": {
            "value": 1.9568591648424176,
            "min": -0.9314343884587288,
            "max": 1.9679785700587482,
            "count": 2876
        },
        "Pilot.IsTraining.mean": {
            "value": 1.0,
            "min": 1.0,
            "max": 1.0,
            "count": 2876
        },
        "Pilot.Losses.PolicyLoss.mean": {
            "value": 0.013030721588681142,
            "min": 0.007801341560358803,
            "max": 0.03473627253745993,
            "count": 1400
        },
        "Pilot.Losses.ValueLoss.mean": {
            "value": 0.016110423393547534,
            "min": 0.006512626570959886,
            "max": 45.39771509170532,
            "count": 1400
        },
        "Pilot.Policy.LearningRate.mean": {
            "value": 0.000127548279483926,
            "min": 0.000127548279483926,
            "max": 0.0002998768860410381,
            "count": 1400
        },
        "Pilot.Policy.Epsilon.mean": {
            "value": 0.14251607400000005,
            "min": 0.14251607400000005,
            "max": 0.19995896200000007,
            "count": 1400
        },
        "Pilot.Policy.Beta.mean": {
            "value": 0.0021315520926,
            "min": 0.0021315520926,
            "max": 0.004997952203800001,
            "count": 1400
        }
    },
    "metadata": {
        "timer_format_version": "0.1.0",
        "start_time_seconds": "1615965955",
        "python_version": "3.7.5 (default, Oct 31 2019, 15:18:51) [MSC v.1916 64 bit (AMD64)]",
        "command_line_arguments": "C:\\Users\\17096\\anaconda3\\Scripts\\mlagents-learn config/MlTrain.yaml --run-id=realisticTankV1.15_hackVel_revertedThrust",
        "mlagents_version": "0.23.0",
        "mlagents_envs_version": "0.23.0",
        "communication_protocol_version": "1.3.0",
        "pytorch_version": "1.8.0",
        "numpy_version": "1.19.2",
        "end_time_seconds": "1615995800"
    },
    "total": 29844.9837194,
    "count": 1,
    "self": 0.004223100000672275,
    "children": {
        "run_training.setup": {
            "total": 0.006688600000000378,
            "count": 1,
            "self": 0.006688600000000378
        },
        "TrainerController.start_learning": {
            "total": 29844.9728077,
            "count": 1,
            "self": 24.136750598903745,
            "children": {
                "TrainerController._reset_env": {
                    "total": 13.174973699999999,
                    "count": 1,
                    "self": 13.174973699999999
                },
                "TrainerController.advance": {
                    "total": 29807.526680701096,
                    "count": 1076389,
                    "self": 13.01946640051392,
                    "children": {
                        "env_step": {
                            "total": 29794.507214300582,
                            "count": 1076389,
                            "self": 26364.909264500875,
                            "children": {
                                "SubprocessEnvManager._take_step": {
                                    "total": 3417.2098217993666,
                                    "count": 1076389,
                                    "self": 43.740270498996324,
                                    "children": {
                                        "TorchPolicy.evaluate": {
                                            "total": 3373.4695513003703,
                                            "count": 586973,
                                            "self": 691.34040960003,
                                            "children": {
                                                "TorchPolicy.sample_actions": {
                                                    "total": 2682.1291417003404,
                                                    "count": 586973,
                                                    "self": 2682.1291417003404
                                                }
                                            }
                                        }
                                    }
                                },
                                "workers": {
                                    "total": 12.388128000340782,
                                    "count": 1076388,
                                    "self": 0.0,
                                    "children": {
                                        "worker_root": {
                                            "total": 29803.92968830042,
                                            "count": 1076388,
                                            "is_parallel": true,
                                            "self": 5593.337506601263,
                                            "children": {
                                                "steps_from_proto": {
                                                    "total": 0.0008377999999993335,
                                                    "count": 1,
                                                    "is_parallel": true,
                                                    "self": 0.0002665000000003914,
                                                    "children": {
                                                        "_process_vector_observation": {
                                                            "total": 0.0005712999999989421,
                                                            "count": 2,
                                                            "is_parallel": true,
                                                            "self": 0.0005712999999989421
                                                        }
                                                    }
                                                },
                                                "UnityEnvironment.step": {
                                                    "total": 24210.59134389916,
                                                    "count": 1076388,
                                                    "is_parallel": true,
                                                    "self": 118.48494359809047,
                                                    "children": {
                                                        "UnityEnvironment._generate_step_input": {
                                                            "total": 1285.451753900502,
                                                            "count": 1076388,
                                                            "is_parallel": true,
                                                            "self": 1285.451753900502
                                                        },